{
    "parameter_levels": {
        "tau": [1.00000000e-06, 1.33352143e-06, 1.77827941e-06, 2.37137371e-06, 3.16227766e-06, 4.21696503e-06, 5.62341325e-06, 7.49894209e-06, 1.00000000e-05, 1.33352143e-05, 1.77827941e-05, 2.37137371e-05, 3.16227766e-05, 4.21696503e-05, 5.62341325e-05, 7.49894209e-05, 1.00000000e-04, 1.33352143e-04, 1.77827941e-04, 2.37137371e-04, 3.16227766e-04, 4.21696503e-04, 5.62341325e-04, 7.49894209e-04, 1.00000000e-03, 1.33352143e-03, 1.77827941e-03, 2.37137371e-03, 3.16227766e-03, 4.21696503e-03, 5.62341325e-03, 7.49894209e-03, 1.00000000e-02, 1.33352143e-02, 1.77827941e-02, 2.37137371e-02, 3.16227766e-02, 4.21696503e-02, 5.62341325e-02, 7.49894209e-02, 1.00000000e-01, 1.33352143e-01, 1.77827941e-01, 2.37137371e-01, 3.16227766e-01, 4.21696503e-01, 5.62341325e-01, 7.49894209e-01, 1.00000000e+00],
        "noise": [],
        "hr_stdev": [0.001     , 0.00115478, 0.00133352, 0.00153993, 0.00177828, 0.00205353, 0.00237137, 0.00273842, 0.00316228, 0.00365174, 0.00421697, 0.00486968, 0.00562341, 0.00649382, 0.00749894, 0.00865964, 0.01      , 0.01154782, 0.01333521, 0.01539927, 0.01778279, 0.02053525, 0.02371374, 0.0273842 , 0.03162278, 0.03651741, 0.04216965, 0.04869675, 0.05623413, 0.06493816, 0.07498942, 0.08659643, 0.1       , 0.1154782 , 0.13335214, 0.15399265, 0.17782794, 0.2053525 , 0.23713737, 0.27384196, 0.31622777, 0.36517413, 0.4216965 , 0.48696753, 0.56234133, 0.64938163, 0.74989421, 0.86596432, 1.0        ],
        "dispersal": [1.0e-03, 1.0e-02, 1.0e-01],
        "comp_kernel": [1.0e-03, 1.0e-02, 1.0e-01],
        "env_size": [1.0],
        "birth_rate": [1.1],
        "death_rate": [0.1],
        "comp_rate": [0.002],
        "steps": [100000],
        "burn_in_steps": [50000],
        "data_interval": [500],
        "max_abundance": [10000],
        "processes_list": [["repr", "death", "compet"]],
        "mover_class": ["OU"],
        "save_temporal_data": [true],
        "save_positions": [false],
        "output_format": ["json"]
    },
    "filtering_parameter": "mover_class",
    "filters": {
        "OU": ["tau", "hr_stdev", "dispersal"],
        "BM": ["noise", "dispersal"],
        "SS": ["dispersal"],
        "RD": []
    },
    "common_parameters": ["n_org", "comp_kernel", "env_size", "birth_rate", "death_rate", "comp_rate", "steps", "burn_in_steps", "data_interval", "processes_list", "save_temporal_data", "save_positions", "max_abundance", "output_format"],
    "generate_seeds": true,
    "n_reps": 20,
    "id": "seed",
    "seed": 314159265,
    "filename": "exp_parameters.json"
}
